<?xml version="1.0" encoding="UTF-8" ?>
<extension type="package" version="3.10" method="upgrade">
	<name>J!Dump</name>
	<author>Team JDump</author>
	<creationDate>2018-09-30</creationDate>
	<copyright>(c) Team JDump 2018</copyright>
	<license>GNU/GPL</license>
	<authorEmail></authorEmail>
	<version>4.0.0</version>
	<packagename>J!Dump</packagename>
	<url>https://github.com/mathiasverraes/jdump</url>
	<packager>Team JDump</packager>
	<packagerurl></packagerurl>
	<description>J!Dump -- Advanced print_r and var_dump replacer with DHTML tree display.</description>
<!--
 <update>http://www.updateurl.com/update</update>
-->
	<files>
		<file type="plugin" id="jdump" group="system">plg_system_jdump_4_0_0.zip</file>
		<file type="component" id="com_jdump" >com_jdump_4_0_0.zip</file>
	</files>
</extension>